{"yaw_center":0.37551090838985635,"pitch_center":0.5040593933954278}