{"yaw_center":-0.14040321567642255,"pitch_center":0.5250458740439419}