{"yaw_center":0.039754191639481073,"pitch_center":0.5142421404660977}