{"yaw_center":0.49659375778858106,"pitch_center":0.529332727169384}